site_id,month,tool,referring_domains,new_links_built,links_spend_eur,domains_toxicity_low,domains_toxicity_medium,domains_toxicity_high
S001,2023-07-01,ahrefs,1630,11,2268.0,1349,176,105
S001,2023-08-01,ahrefs,1639,5,1757.0,1392,183,64
S001,2023-09-01,ahrefs,1649,12,2865.0,1300,255,94
S001,2023-10-01,ahrefs,1682,19,5066.0,1275,332,75
S001,2023-11-01,ahrefs,1698,20,4379.0,1341,321,36
S001,2023-12-01,ahrefs,1711,16,3694.0,1375,299,37
S001,2024-01-01,ahrefs,1736,18,3336.0,1358,342,36
S001,2024-02-01,ahrefs,1767,13,3129.0,1463,233,71
S001,2024-03-01,ahrefs,1799,15,4437.0,1492,217,90
S001,2024-04-01,ahrefs,1810,9,2401.0,1400,333,77
S001,2024-05-01,ahrefs,1825,10,3129.0,1417,337,71
S001,2024-06-01,ahrefs,1865,19,4436.0,1399,346,120
S001,2024-07-01,ahrefs,1882,14,2998.0,1441,323,118
S001,2024-08-01,ahrefs,1904,11,2983.0,1475,353,76
S001,2024-09-01,ahrefs,1930,13,3093.0,1611,228,91
S001,2024-10-01,ahrefs,1944,9,2682.0,1492,366,86
S001,2024-11-01,ahrefs,1948,6,1480.0,1545,343,60
S001,2024-12-01,ahrefs,1992,22,6405.0,1583,366,43
S001,2025-01-01,ahrefs,2011,21,5524.0,1545,378,88
S001,2025-02-01,ahrefs,2050,21,3920.0,1753,225,72
S001,2025-03-01,ahrefs,2076,20,4554.0,1709,310,57
S001,2025-04-01,ahrefs,2095,6,1309.0,1627,362,106
S001,2025-05-01,ahrefs,2114,8,2055.0,1631,350,133
S001,2025-06-01,ahrefs,2146,9,2016.0,1690,387,69
S001,2025-07-01,ahrefs,2163,7,1897.0,1756,268,139
S001,2025-08-01,ahrefs,2189,11,3062.0,1874,270,45
S001,2025-09-01,ahrefs,2209,14,4494.0,1802,310,97
S001,2025-10-01,ahrefs,2211,7,2096.0,1677,429,105
S001,2025-11-01,ahrefs,2237,20,4150.0,1733,377,127
S001,2025-12-01,ahrefs,2265,22,4876.0,1731,414,120
S001,2026-01-01,ahrefs,2275,7,1906.0,1868,256,151
S001,2026-02-01,ahrefs,2291,11,2460.0,1888,286,117
S001,2026-03-01,ahrefs,2315,19,4054.0,1850,334,131
S001,2026-04-01,ahrefs,2341,12,3749.0,1978,315,48
S001,2026-05-01,ahrefs,2349,18,3333.0,1846,376,127
S001,2026-06-01,ahrefs,2386,20,4940.0,1826,451,109
S001,2026-07-01,ahrefs,2422,21,6303.0,2019,261,142
S001,2026-08-01,ahrefs,2444,5,1219.0,1901,436,107
S001,2026-09-01,ahrefs,2456,7,2169.0,2031,287,138
S002,2023-07-01,ahrefs,359,14,4242.0,299,53,7
S002,2023-08-01,ahrefs,380,19,3543.0,298,67,15
S002,2023-09-01,ahrefs,407,20,4973.0,341,54,12
S002,2023-10-01,ahrefs,412,14,2832.0,323,61,28
S002,2023-11-01,ahrefs,435,18,4002.0,347,70,18
S002,2023-12-01,ahrefs,468,29,5397.0,390,69,9
S002,2024-01-01,ahrefs,505,32,5824.0,418,58,29
S002,2024-02-01,ahrefs,521,7,1862.0,426,70,25
S002,2024-03-01,ahrefs,540,23,6146.0,444,81,15
S002,2024-04-01,ahrefs,573,28,5801.0,492,59,22
S002,2024-05-01,ahrefs,589,12,2823.0,479,92,18
S002,2024-06-01,ahrefs,614,8,1875.0,481,102,31
S002,2024-07-01,ahrefs,639,16,3286.0,481,115,43
S002,2024-08-01,ahrefs,649,12,2830.0,492,128,29
S002,2024-09-01,ahrefs,668,5,1403.0,517,114,37
S002,2024-10-01,ahrefs,688,11,2793.0,580,91,17
S002,2024-11-01,ahrefs,714,12,3004.0,568,110,36
S002,2024-12-01,ahrefs,745,20,4624.0,565,136,44
S002,2025-01-01,ahrefs,760,15,3681.0,645,92,23
S002,2025-02-01,ahrefs,775,13,4047.0,603,124,48
S002,2025-03-01,ahrefs,790,10,3185.0,660,97,33
S002,2025-04-01,ahrefs,793,5,1700.0,635,137,21
S002,2025-05-01,ahrefs,789,5,1303.0,598,144,47
S002,2025-06-01,ahrefs,803,11,2479.0,635,141,27
S002,2025-07-01,ahrefs,828,10,2034.0,667,141,20
S002,2025-08-01,ahrefs,871,28,5331.0,694,146,31
S002,2025-09-01,ahrefs,912,19,5022.0,703,159,50
S002,2025-10-01,ahrefs,940,25,5754.0,718,170,52
S002,2025-11-01,ahrefs,962,20,5320.0,796,121,45
S002,2025-12-01,ahrefs,1001,32,6136.0,825,114,62
S002,2026-01-01,ahrefs,1023,13,2870.0,792,185,46
S002,2026-02-01,ahrefs,1052,17,5001.0,868,119,65
S002,2026-03-01,ahrefs,1087,23,4572.0,930,117,40
S002,2026-04-01,ahrefs,1105,14,4320.0,942,125,38
S002,2026-05-01,ahrefs,1116,12,3949.0,918,145,53
S002,2026-06-01,ahrefs,1132,9,2814.0,889,215,28
S002,2026-07-01,ahrefs,1152,19,5328.0,984,121,47
S002,2026-08-01,ahrefs,1164,7,2303.0,880,208,76
S002,2026-09-01,ahrefs,1188,18,4764.0,941,171,76
S003,2023-07-01,ahrefs,642,12,2470.0,487,122,33
S003,2023-08-01,ahrefs,654,9,2109.0,497,122,35
S003,2023-09-01,ahrefs,690,30,6068.0,532,134,24
S003,2023-10-01,ahrefs,709,8,1841.0,552,114,43
S003,2023-11-01,ahrefs,731,19,5486.0,564,142,25
S003,2023-12-01,ahrefs,754,27,5062.0,586,117,51
S003,2024-01-01,ahrefs,777,11,2299.0,676,86,15
S003,2024-02-01,ahrefs,793,8,2362.0,642,128,23
S003,2024-03-01,ahrefs,825,23,5504.0,671,131,23
S003,2024-04-01,ahrefs,843,14,4153.0,674,133,36
S003,2024-05-01,ahrefs,843,9,2339.0,646,152,45
S003,2024-06-01,ahrefs,860,15,3742.0,675,128,57
S003,2024-07-01,ahrefs,860,7,2372.0,697,131,32
S003,2024-08-01,ahrefs,876,10,3188.0,751,98,27
S003,2024-09-01,ahrefs,883,16,3689.0,738,100,45
S003,2024-10-01,ahrefs,888,12,3192.0,736,118,34
S003,2024-11-01,ahrefs,925,27,5264.0,730,161,34
S003,2024-12-01,ahrefs,958,16,4966.0,770,122,66
S003,2025-01-01,ahrefs,977,10,2923.0,835,112,30
S003,2025-02-01,ahrefs,1000,10,2663.0,796,169,35
S003,2025-03-01,ahrefs,1024,17,3485.0,759,200,65
S003,2025-04-01,ahrefs,1028,7,1887.0,874,129,25
S003,2025-05-01,ahrefs,1037,9,1789.0,854,148,35
S003,2025-06-01,ahrefs,1051,14,3558.0,800,191,60
S003,2025-07-01,ahrefs,1085,14,4125.0,841,216,28
S003,2025-08-01,ahrefs,1105,16,2923.0,867,196,42
S003,2025-09-01,ahrefs,1138,17,3747.0,908,202,28
S003,2025-10-01,ahrefs,1150,4,1436.0,919,185,46
S003,2025-11-01,ahrefs,1161,4,1566.0,930,183,48
S003,2025-12-01,ahrefs,1192,19,5881.0,970,173,49
S003,2026-01-01,ahrefs,1203,14,3846.0,941,221,41
S003,2026-02-01,ahrefs,1223,5,1286.0,1027,150,46
S003,2026-03-01,ahrefs,1229,5,1523.0,990,174,65
S003,2026-04-01,ahrefs,1280,25,6350.0,1045,174,61
S003,2026-05-01,ahrefs,1288,5,1705.0,1052,200,36
S003,2026-06-01,ahrefs,1302,7,1441.0,981,237,84
S003,2026-07-01,ahrefs,1317,12,3076.0,1037,200,80
S003,2026-08-01,ahrefs,1338,12,3288.0,1107,165,66
S003,2026-09-01,ahrefs,1368,12,3066.0,1129,198,41
S004,2023-07-01,ahrefs,885,20,4174.0,689,153,43
S004,2023-08-01,ahrefs,901,5,1205.0,670,179,52
S004,2023-09-01,ahrefs,907,8,2139.0,700,150,57
S004,2023-10-01,ahrefs,927,21,4382.0,732,150,45
S004,2023-11-01,ahrefs,943,4,1363.0,733,152,58
S004,2023-12-01,ahrefs,977,14,4412.0,798,138,41
S004,2024-01-01,ahrefs,1012,16,3205.0,803,184,25
S004,2024-02-01,ahrefs,1039,21,4984.0,806,177,56
S004,2024-03-01,ahrefs,1068,14,3128.0,847,147,74
S004,2024-04-01,ahrefs,1112,27,5312.0,854,211,47
S004,2024-05-01,ahrefs,1111,4,1373.0,841,213,57
S004,2024-06-01,ahrefs,1133,16,3945.0,973,135,25
S004,2024-07-01,ahrefs,1160,21,4279.0,886,228,46
S004,2024-08-01,ahrefs,1173,7,1996.0,908,208,57
S004,2024-09-01,ahrefs,1198,13,4081.0,973,154,71
S004,2024-10-01,ahrefs,1219,14,3910.0,991,198,30
S004,2024-11-01,ahrefs,1247,18,3880.0,981,236,30
S004,2024-12-01,ahrefs,1259,7,1400.0,1077,143,39
S004,2025-01-01,ahrefs,1276,13,4012.0,1026,168,82
S004,2025-02-01,ahrefs,1291,15,3009.0,1035,176,80
S004,2025-03-01,ahrefs,1293,7,1386.0,1082,157,54
S004,2025-04-01,ahrefs,1323,27,5206.0,992,246,85
S004,2025-05-01,ahrefs,1336,11,2983.0,1031,214,91
S004,2025-06-01,ahrefs,1331,6,1812.0,1107,168,56
S004,2025-07-01,ahrefs,1356,23,4582.0,1036,259,61
S004,2025-08-01,ahrefs,1364,5,1782.0,1107,199,58
S004,2025-09-01,ahrefs,1374,7,2096.0,1069,258,47
S004,2025-10-01,ahrefs,1380,8,1916.0,1153,138,89
S004,2025-11-01,ahrefs,1411,16,5244.0,1197,157,57
S004,2025-12-01,ahrefs,1455,32,6044.0,1174,247,34
S004,2026-01-01,ahrefs,1472,12,2822.0,1254,154,64
S004,2026-02-01,ahrefs,1491,21,4495.0,1195,216,80
S004,2026-03-01,ahrefs,1524,24,5217.0,1211,219,94
S004,2026-04-01,ahrefs,1542,10,2954.0,1210,250,82
S004,2026-05-01,ahrefs,1563,9,3023.0,1274,220,69
S004,2026-06-01,ahrefs,1598,24,6479.0,1339,219,40
S004,2026-07-01,ahrefs,1617,14,3444.0,1369,174,74
S004,2026-08-01,ahrefs,1648,8,1911.0,1319,291,38
S004,2026-09-01,ahrefs,1685,22,5792.0,1367,255,63
S005,2023-07-01,ahrefs,1621,12,2906.0,1419,163,39
S005,2023-08-01,ahrefs,1649,22,4540.0,1272,306,71
S005,2023-09-01,ahrefs,1674,20,4727.0,1295,282,97
S005,2023-10-01,ahrefs,1688,11,2247.0,1352,224,112
S005,2023-11-01,ahrefs,1717,18,3833.0,1438,215,64
S005,2023-12-01,ahrefs,1735,7,1959.0,1448,251,36
S005,2024-01-01,ahrefs,1755,17,5450.0,1366,348,41
S005,2024-02-01,ahrefs,1773,14,3621.0,1399,332,42
S005,2024-03-01,ahrefs,1792,12,3863.0,1351,330,111
S005,2024-04-01,ahrefs,1809,18,4113.0,1498,256,55
S005,2024-05-01,ahrefs,1825,13,3645.0,1550,210,65
S005,2024-06-01,ahrefs,1832,7,1617.0,1395,318,119
S005,2024-07-01,ahrefs,1847,10,1926.0,1522,232,93
S005,2024-08-01,ahrefs,1861,20,6208.0,1546,224,91
S005,2024-09-01,ahrefs,1870,4,1265.0,1471,319,80
S005,2024-10-01,ahrefs,1902,14,4242.0,1575,199,128
S005,2024-11-01,ahrefs,1921,19,4310.0,1503,312,106
S005,2024-12-01,ahrefs,1945,11,3456.0,1565,262,118
S005,2025-01-01,ahrefs,1967,8,1869.0,1673,205,89
S005,2025-02-01,ahrefs,1979,14,3397.0,1652,211,116
S005,2025-03-01,ahrefs,1977,6,1797.0,1707,214,56
S005,2025-04-01,ahrefs,1985,7,2094.0,1675,269,41
S005,2025-05-01,ahrefs,2007,14,3219.0,1625,250,132
S005,2025-06-01,ahrefs,2036,20,5318.0,1654,339,43
S005,2025-07-01,ahrefs,2050,16,4715.0,1752,212,86
S005,2025-08-01,ahrefs,2055,10,1877.0,1610,345,100
S005,2025-09-01,ahrefs,2072,16,4857.0,1594,372,106
S005,2025-10-01,ahrefs,2095,15,4222.0,1587,400,108
S005,2025-11-01,ahrefs,2122,16,4173.0,1630,381,111
S005,2025-12-01,ahrefs,2133,8,2501.0,1673,388,72
S005,2026-01-01,ahrefs,2170,20,6197.0,1755,292,123
S005,2026-02-01,ahrefs,2187,13,2839.0,1684,374,129
S005,2026-03-01,ahrefs,2211,24,5201.0,1684,410,117
S005,2026-04-01,ahrefs,2242,15,4413.0,1864,324,54
S005,2026-05-01,ahrefs,2275,18,5309.0,1736,407,132
S005,2026-06-01,ahrefs,2292,8,1895.0,1828,383,81
S005,2026-07-01,ahrefs,2314,18,3860.0,1822,366,126
S005,2026-08-01,ahrefs,2325,4,1298.0,1880,385,60
S005,2026-09-01,ahrefs,2344,20,3650.0,1858,360,126
S006,2023-07-01,ahrefs,1765,6,1865.0,1522,191,52
S006,2023-08-01,ahrefs,1783,15,3028.0,1330,355,98
S006,2023-09-01,ahrefs,1801,13,4018.0,1466,231,104
S006,2023-10-01,ahrefs,1825,14,3340.0,1451,254,120
S006,2023-11-01,ahrefs,1825,12,3114.0,1558,211,56
S006,2023-12-01,ahrefs,1847,14,4011.0,1473,277,97
S006,2024-01-01,ahrefs,1850,6,1886.0,1431,312,107
S006,2024-02-01,ahrefs,1886,19,4243.0,1403,355,128
S006,2024-03-01,ahrefs,1899,11,2188.0,1447,371,81
S006,2024-04-01,ahrefs,1917,7,1774.0,1547,297,73
S006,2024-05-01,ahrefs,1950,17,3417.0,1557,322,71
S006,2024-06-01,ahrefs,1958,7,2188.0,1551,340,67
S006,2024-07-01,ahrefs,1956,7,1926.0,1596,230,130
S006,2024-08-01,ahrefs,1987,20,5263.0,1673,273,41
S006,2024-09-01,ahrefs,2029,27,5825.0,1638,306,85
S006,2024-10-01,ahrefs,2054,16,3874.0,1618,353,83
S006,2024-11-01,ahrefs,2067,14,4275.0,1746,226,95
S006,2024-12-01,ahrefs,2083,6,2083.0,1746,258,79
S006,2025-01-01,ahrefs,2102,17,3347.0,1624,343,135
S006,2025-02-01,ahrefs,2125,14,4258.0,1693,318,114
S006,2025-03-01,ahrefs,2152,13,2625.0,1651,354,147
S006,2025-04-01,ahrefs,2164,6,2047.0,1712,321,131
S006,2025-05-01,ahrefs,2183,8,2493.0,1777,287,119
S006,2025-06-01,ahrefs,2209,16,3199.0,1886,221,102
S006,2025-07-01,ahrefs,2235,18,5585.0,1835,342,58
S006,2025-08-01,ahrefs,2271,20,5340.0,1929,233,109
S006,2025-09-01,ahrefs,2277,10,2999.0,1833,387,57
S006,2025-10-01,ahrefs,2296,12,3723.0,1992,233,71
S006,2025-11-01,ahrefs,2300,6,1681.0,1891,277,132
S006,2025-12-01,ahrefs,2300,5,1490.0,1861,283,156
S006,2026-01-01,ahrefs,2316,10,2834.0,1884,286,146
S006,2026-02-01,ahrefs,2333,11,3144.0,1950,291,92
S006,2026-03-01,ahrefs,2350,10,2823.0,1927,305,118
S006,2026-04-01,ahrefs,2377,18,4694.0,1952,268,157
S006,2026-05-01,ahrefs,2395,12,3145.0,1956,312,127
S006,2026-06-01,ahrefs,2410,13,3722.0,1876,435,99
S006,2026-07-01,ahrefs,2416,14,3962.0,2033,275,108
S006,2026-08-01,ahrefs,2427,7,1843.0,1821,466,140
S006,2026-09-01,ahrefs,2445,6,1327.0,1921,369,155
S007,2023-07-01,ahrefs,1057,13,4023.0,844,180,33
S007,2023-08-01,ahrefs,1063,9,3010.0,826,202,35
S007,2023-09-01,ahrefs,1098,28,5758.0,944,132,22
S007,2023-10-01,ahrefs,1117,22,6247.0,840,205,72
S007,2023-11-01,ahrefs,1138,8,2396.0,942,166,30
S007,2023-12-01,ahrefs,1142,5,1378.0,884,194,64
S007,2024-01-01,ahrefs,1177,19,4446.0,943,185,49
S007,2024-02-01,ahrefs,1202,16,4964.0,974,176,52
S007,2024-03-01,ahrefs,1245,35,6418.0,972,217,56
S007,2024-04-01,ahrefs,1251,5,1410.0,1024,158,69
S007,2024-05-01,ahrefs,1250,7,1425.0,1009,202,39
S007,2024-06-01,ahrefs,1262,9,2040.0,1019,204,39
S007,2024-07-01,ahrefs,1261,6,1953.0,1050,155,56
S007,2024-08-01,ahrefs,1277,8,1709.0,1049,202,26
S007,2024-09-01,ahrefs,1298,15,3617.0,1092,150,56
S007,2024-10-01,ahrefs,1323,26,5171.0,1110,172,41
S007,2024-11-01,ahrefs,1347,23,5083.0,1043,256,48
S007,2024-12-01,ahrefs,1378,26,5169.0,1108,223,47
S007,2025-01-01,ahrefs,1418,34,6302.0,1158,189,71
S007,2025-02-01,ahrefs,1418,7,2508.0,1099,265,54
S007,2025-03-01,ahrefs,1441,10,1857.0,1217,181,43
S007,2025-04-01,ahrefs,1452,8,1952.0,1085,275,92
S007,2025-05-01,ahrefs,1471,7,2186.0,1187,221,63
S007,2025-06-01,ahrefs,1519,31,6107.0,1228,191,100
S007,2025-07-01,ahrefs,1514,4,1465.0,1244,195,75
S007,2025-08-01,ahrefs,1547,23,4957.0,1238,250,59
S007,2025-09-01,ahrefs,1558,13,3920.0,1279,192,87
S007,2025-10-01,ahrefs,1575,17,5344.0,1304,233,38
S007,2025-11-01,ahrefs,1586,13,3698.0,1207,294,85
S007,2025-12-01,ahrefs,1614,14,2556.0,1348,231,35
S007,2026-01-01,ahrefs,1629,5,1640.0,1194,323,112
S007,2026-02-01,ahrefs,1634,13,3685.0,1276,290,68
S007,2026-03-01,ahrefs,1646,8,2363.0,1372,239,35
S007,2026-04-01,ahrefs,1658,14,3992.0,1291,301,66
S007,2026-05-01,ahrefs,1684,22,6403.0,1385,223,76
S007,2026-06-01,ahrefs,1704,12,2753.0,1405,189,110
S007,2026-07-01,ahrefs,1713,10,2925.0,1429,211,73
S007,2026-08-01,ahrefs,1744,17,3974.0,1338,344,62
S007,2026-09-01,ahrefs,1760,15,4131.0,1431,233,96
S008,2023-07-01,ahrefs,373,16,3102.0,279,74,20
S008,2023-08-01,ahrefs,389,6,1547.0,303,64,22
S008,2023-09-01,ahrefs,407,9,2103.0,339,46,22
S008,2023-10-01,ahrefs,435,15,3877.0,366,51,18
S008,2023-11-01,ahrefs,448,14,3534.0,352,73,23
S008,2023-12-01,ahrefs,468,14,3387.0,397,55,16
S008,2024-01-01,ahrefs,493,9,2328.0,412,71,10
S008,2024-02-01,ahrefs,517,20,5118.0,422,70,25
S008,2024-03-01,ahrefs,534,16,3272.0,446,59,29
S008,2024-04-01,ahrefs,539,9,1923.0,408,106,25
S008,2024-05-01,ahrefs,539,8,2697.0,436,74,29
S008,2024-06-01,ahrefs,552,13,3357.0,446,92,14
S008,2024-07-01,ahrefs,566,14,4249.0,442,103,21
S008,2024-08-01,ahrefs,591,19,3561.0,482,93,16
S008,2024-09-01,ahrefs,616,14,3790.0,483,105,28
S008,2024-10-01,ahrefs,638,16,5049.0,532,64,42
S008,2024-11-01,ahrefs,649,11,3004.0,546,65,38
S008,2024-12-01,ahrefs,671,6,1620.0,551,104,16
S008,2025-01-01,ahrefs,680,7,2087.0,510,123,47
S008,2025-02-01,ahrefs,690,17,4564.0,523,124,43
S008,2025-03-01,ahrefs,723,15,3998.0,584,97,42
S008,2025-04-01,ahrefs,732,9,2727.0,579,107,46
S008,2025-05-01,ahrefs,740,9,2103.0,568,131,41
S008,2025-06-01,ahrefs,771,28,5976.0,593,148,30
S008,2025-07-01,ahrefs,788,17,5553.0,647,122,19
S008,2025-08-01,ahrefs,805,8,1816.0,675,83,47
S008,2025-09-01,ahrefs,815,11,2926.0,679,101,35
S008,2025-10-01,ahrefs,827,22,4818.0,612,163,52
S008,2025-11-01,ahrefs,833,6,2040.0,654,140,39
S008,2025-12-01,ahrefs,859,27,5732.0,735,95,29
S008,2026-01-01,ahrefs,876,6,1477.0,671,173,32
S008,2026-02-01,ahrefs,894,12,3826.0,756,115,23
S008,2026-03-01,ahrefs,916,9,2322.0,730,166,20
S008,2026-04-01,ahrefs,943,15,4827.0,715,172,56
S008,2026-05-01,ahrefs,955,23,5330.0,717,173,65
S008,2026-06-01,ahrefs,962,17,3799.0,794,120,48
S008,2026-07-01,ahrefs,991,18,4035.0,839,106,46
S008,2026-08-01,ahrefs,1006,9,2408.0,830,111,65
S008,2026-09-01,ahrefs,1016,10,3038.0,774,191,51
S009,2023-07-01,ahrefs,536,8,2158.0,450,56,30
S009,2023-08-01,ahrefs,550,9,1805.0,481,56,13
S009,2023-09-01,ahrefs,562,7,2053.0,424,103,35
S009,2023-10-01,ahrefs,586,15,3910.0,438,111,37
S009,2023-11-01,ahrefs,618,18,5171.0,527,66,25
S009,2023-12-01,ahrefs,646,14,3712.0,549,72,25
S009,2024-01-01,ahrefs,682,21,5700.0,570,91,21
S009,2024-02-01,ahrefs,698,4,1227.0,546,134,18
S009,2024-03-01,ahrefs,722,10,3273.0,569,113,40
S009,2024-04-01,ahrefs,753,21,5311.0,589,149,15
S009,2024-05-01,ahrefs,779,21,4811.0,611,149,19
S009,2024-06-01,ahrefs,795,10,3307.0,645,125,25
S009,2024-07-01,ahrefs,819,18,5108.0,631,138,50
S009,2024-08-01,ahrefs,833,10,3386.0,662,136,35
S009,2024-09-01,ahrefs,844,6,1591.0,733,88,23
S009,2024-10-01,ahrefs,871,27,5252.0,695,139,37
S009,2024-11-01,ahrefs,899,27,5237.0,730,126,43
S009,2024-12-01,ahrefs,915,22,4560.0,718,138,59
S009,2025-01-01,ahrefs,938,11,2441.0,731,147,60
S009,2025-02-01,ahrefs,979,22,4662.0,757,178,44
S009,2025-03-01,ahrefs,989,5,1499.0,757,178,54
S009,2025-04-01,ahrefs,1017,15,2948.0,879,117,21
S009,2025-05-01,ahrefs,1046,22,4523.0,873,146,27
S009,2025-06-01,ahrefs,1067,21,5154.0,916,118,33
S009,2025-07-01,ahrefs,1093,16,3208.0,842,202,49
S009,2025-08-01,ahrefs,1101,4,1389.0,939,132,30
S009,2025-09-01,ahrefs,1115,4,1335.0,870,202,43
S009,2025-10-01,ahrefs,1127,6,2070.0,897,189,41
S009,2025-11-01,ahrefs,1155,19,3769.0,881,216,58
S009,2025-12-01,ahrefs,1188,16,5206.0,932,211,45
S009,2026-01-01,ahrefs,1216,20,4287.0,970,190,56
S009,2026-02-01,ahrefs,1240,15,4194.0,996,158,86
S009,2026-03-01,ahrefs,1257,6,1701.0,1023,181,53
S009,2026-04-01,ahrefs,1280,15,3888.0,997,205,78
S009,2026-05-01,ahrefs,1310,20,4073.0,1099,179,32
S009,2026-06-01,ahrefs,1330,14,3365.0,1155,136,39
S009,2026-07-01,ahrefs,1350,19,5267.0,1028,229,93
S009,2026-08-01,ahrefs,1382,16,3728.0,1107,222,53
S009,2026-09-01,ahrefs,1404,11,3196.0,1168,196,40
S010,2023-07-01,ahrefs,1258,16,3484.0,1041,153,64
S010,2023-08-01,ahrefs,1265,6,2026.0,1075,159,31
S010,2023-09-01,ahrefs,1273,6,1458.0,995,239,39
S010,2023-10-01,ahrefs,1282,10,3155.0,1076,147,59
S010,2023-11-01,ahrefs,1301,19,3751.0,1040,173,88
S010,2023-12-01,ahrefs,1324,24,5642.0,1128,165,31
S010,2024-01-01,ahrefs,1337,14,3092.0,1113,165,59
S010,2024-02-01,ahrefs,1348,7,2113.0,1036,259,53
S010,2024-03-01,ahrefs,1377,21,6466.0,1089,235,53
S010,2024-04-01,ahrefs,1389,12,3599.0,1180,164,45
S010,2024-05-01,ahrefs,1418,18,4618.0,1161,193,64
S010,2024-06-01,ahrefs,1430,5,1591.0,1238,155,37
S010,2024-07-01,ahrefs,1449,20,6149.0,1128,282,39
S010,2024-08-01,ahrefs,1455,7,1511.0,1121,288,46
S010,2024-09-01,ahrefs,1470,10,3124.0,1181,200,89
S010,2024-10-01,ahrefs,1486,17,4190.0,1093,293,100
S010,2024-11-01,ahrefs,1489,9,2736.0,1157,267,65
S010,2024-12-01,ahrefs,1512,16,3210.0,1252,213,47
S010,2025-01-01,ahrefs,1526,16,4509.0,1305,175,46
S010,2025-02-01,ahrefs,1558,12,3427.0,1193,304,61
S010,2025-03-01,ahrefs,1582,16,3120.0,1303,204,75
S010,2025-04-01,ahrefs,1596,12,3852.0,1288,219,89
S010,2025-05-01,ahrefs,1618,11,2042.0,1369,192,57
S010,2025-06-01,ahrefs,1641,11,3315.0,1347,211,83
S010,2025-07-01,ahrefs,1654,10,2854.0,1425,181,48
S010,2025-08-01,ahrefs,1655,9,2724.0,1412,209,34
S010,2025-09-01,ahrefs,1666,9,1881.0,1411,222,33
S010,2025-10-01,ahrefs,1692,11,3654.0,1333,285,74
S010,2025-11-01,ahrefs,1727,26,5884.0,1428,211,88
S010,2025-12-01,ahrefs,1767,28,5150.0,1478,232,57
S010,2026-01-01,ahrefs,1781,17,4149.0,1450,277,54
S010,2026-02-01,ahrefs,1790,7,2365.0,1393,351,46
S010,2026-03-01,ahrefs,1796,6,1977.0,1446,235,115
S010,2026-04-01,ahrefs,1811,18,4055.0,1428,303,80
S010,2026-05-01,ahrefs,1819,6,1993.0,1388,340,91
S010,2026-06-01,ahrefs,1830,10,3186.0,1355,362,113
S010,2026-07-01,ahrefs,1847,6,1382.0,1474,309,64
S010,2026-08-01,ahrefs,1878,22,4860.0,1498,336,44
S010,2026-09-01,ahrefs,1892,10,2158.0,1628,207,57
S011,2023-07-01,ahrefs,1519,12,3193.0,1208,209,102
S011,2023-08-01,ahrefs,1548,18,3483.0,1254,226,68
S011,2023-09-01,ahrefs,1574,19,4233.0,1194,298,82
S011,2023-10-01,ahrefs,1583,13,3319.0,1301,179,103
S011,2023-11-01,ahrefs,1610,12,2224.0,1257,285,68
S011,2023-12-01,ahrefs,1628,14,4468.0,1267,279,82
S011,2024-01-01,ahrefs,1634,9,2673.0,1210,318,106
S011,2024-02-01,ahrefs,1666,11,2943.0,1388,228,50
S011,2024-03-01,ahrefs,1660,6,1350.0,1354,211,95
S011,2024-04-01,ahrefs,1694,19,5965.0,1353,277,64
S011,2024-05-01,ahrefs,1707,16,3669.0,1430,198,79
S011,2024-06-01,ahrefs,1720,8,1724.0,1390,266,64
S011,2024-07-01,ahrefs,1753,27,6084.0,1444,241,68
S011,2024-08-01,ahrefs,1771,10,2844.0,1438,285,48
S011,2024-09-01,ahrefs,1801,19,4014.0,1529,209,63
S011,2024-10-01,ahrefs,1812,10,3027.0,1435,277,100
S011,2024-11-01,ahrefs,1826,6,1688.0,1476,262,88
S011,2024-12-01,ahrefs,1847,11,2070.0,1493,245,109
S011,2025-01-01,ahrefs,1864,11,2957.0,1547,240,77
S011,2025-02-01,ahrefs,1896,14,3114.0,1573,237,86
S011,2025-03-01,ahrefs,1912,14,3939.0,1611,195,106
S011,2025-04-01,ahrefs,1906,15,3241.0,1477,307,122
S011,2025-05-01,ahrefs,1911,10,3136.0,1675,196,40
S011,2025-06-01,ahrefs,1926,12,2679.0,1486,344,96
S011,2025-07-01,ahrefs,1950,9,2438.0,1648,233,69
S011,2025-08-01,ahrefs,1956,6,2016.0,1504,365,87
S011,2025-09-01,ahrefs,1971,8,2400.0,1533,327,111
S011,2025-10-01,ahrefs,1994,14,2911.0,1535,341,118
S011,2025-11-01,ahrefs,2002,7,1467.0,1500,371,131
S011,2025-12-01,ahrefs,2018,24,4856.0,1731,208,79
S011,2026-01-01,ahrefs,2025,11,3642.0,1653,301,71
S011,2026-02-01,ahrefs,2059,20,6374.0,1603,381,75
S011,2026-03-01,ahrefs,2078,14,3014.0,1635,389,54
S011,2026-04-01,ahrefs,2107,13,4113.0,1682,349,76
S011,2026-05-01,ahrefs,2111,11,2853.0,1742,304,65
S011,2026-06-01,ahrefs,2131,18,5737.0,1774,219,138
S011,2026-07-01,ahrefs,2159,23,5501.0,1827,288,44
S011,2026-08-01,ahrefs,2170,5,1358.0,1813,307,50
S011,2026-09-01,ahrefs,2176,9,2825.0,1779,352,45
S012,2023-07-01,ahrefs,391,26,5519.0,306,74,11
S012,2023-08-01,ahrefs,402,14,3027.0,340,44,18
S012,2023-09-01,ahrefs,413,6,1274.0,333,56,24
S012,2023-10-01,ahrefs,420,13,2570.0,336,62,22
S012,2023-11-01,ahrefs,439,6,2000.0,346,84,9
S012,2023-12-01,ahrefs,451,7,2012.0,374,63,14
S012,2024-01-01,ahrefs,471,14,2956.0,401,48,22
S012,2024-02-01,ahrefs,490,13,3131.0,399,68,23
S012,2024-03-01,ahrefs,494,8,2059.0,407,69,18
S012,2024-04-01,ahrefs,509,8,1968.0,401,73,35
S012,2024-05-01,ahrefs,518,7,2009.0,412,74,32
S012,2024-06-01,ahrefs,533,5,1510.0,454,64,15
S012,2024-07-01,ahrefs,533,8,2479.0,417,96,20
S012,2024-08-01,ahrefs,546,18,5687.0,442,73,31
S012,2024-09-01,ahrefs,557,8,2003.0,464,82,11
S012,2024-10-01,ahrefs,572,6,1751.0,464,89,19
S012,2024-11-01,ahrefs,586,12,2979.0,483,64,39
S012,2024-12-01,ahrefs,619,23,4714.0,494,92,33
S012,2025-01-01,ahrefs,645,26,4831.0,527,88,30
S012,2025-02-01,ahrefs,678,10,3065.0,574,75,29
S012,2025-03-01,ahrefs,687,14,4287.0,577,74,36
S012,2025-04-01,ahrefs,700,17,4188.0,605,76,19
S012,2025-05-01,ahrefs,727,18,3736.0,598,100,29
S012,2025-06-01,ahrefs,746,8,2050.0,638,77,31
S012,2025-07-01,ahrefs,766,19,5080.0,620,129,17
S012,2025-08-01,ahrefs,785,16,4522.0,660,101,24
S012,2025-09-01,ahrefs,816,23,5942.0,664,128,24
S012,2025-10-01,ahrefs,843,20,5758.0,634,168,41
S012,2025-11-01,ahrefs,853,10,3095.0,671,145,37
S012,2025-12-01,ahrefs,871,18,5155.0,680,133,58
S012,2026-01-01,ahrefs,918,21,4770.0,715,181,22
S012,2026-02-01,ahrefs,943,20,3994.0,746,169,28
S012,2026-03-01,ahrefs,957,9,1677.0,731,187,39
S012,2026-04-01,ahrefs,964,8,2321.0,754,171,39
S012,2026-05-01,ahrefs,974,7,1742.0,750,161,63
S012,2026-06-01,ahrefs,988,11,3159.0,833,130,25
S012,2026-07-01,ahrefs,1013,14,3504.0,843,142,28
S012,2026-08-01,ahrefs,1037,16,4970.0,800,202,35
S012,2026-09-01,ahrefs,1060,21,4688.0,848,182,30
S013,2023-07-01,ahrefs,408,10,3056.0,305,75,28
S013,2023-08-01,ahrefs,417,10,2925.0,325,82,10
S013,2023-09-01,ahrefs,429,7,2280.0,346,64,19
S013,2023-10-01,ahrefs,451,9,2321.0,383,49,19
S013,2023-11-01,ahrefs,472,10,2713.0,406,52,14
S013,2023-12-01,ahrefs,493,11,3339.0,400,73,20
S013,2024-01-01,ahrefs,509,5,1276.0,392,97,20
S013,2024-02-01,ahrefs,517,6,1773.0,387,95,35
S013,2024-03-01,ahrefs,547,14,3212.0,471,55,21
S013,2024-04-01,ahrefs,554,10,2965.0,413,109,32
S013,2024-05-01,ahrefs,575,16,5003.0,469,89,17
S013,2024-06-01,ahrefs,587,14,4589.0,476,88,23
S013,2024-07-01,ahrefs,601,8,1811.0,462,107,32
S013,2024-08-01,ahrefs,618,14,3553.0,499,93,26
S013,2024-09-01,ahrefs,640,14,3132.0,543,70,27
S013,2024-10-01,ahrefs,660,12,2346.0,542,97,21
S013,2024-11-01,ahrefs,676,11,3031.0,559,91,26
S013,2024-12-01,ahrefs,703,9,2493.0,578,78,47
S013,2025-01-01,ahrefs,720,9,3007.0,610,79,31
S013,2025-02-01,ahrefs,745,16,3540.0,633,87,25
S013,2025-03-01,ahrefs,768,23,6359.0,639,111,18
S013,2025-04-01,ahrefs,792,20,4182.0,625,138,29
S013,2025-05-01,ahrefs,810,12,3109.0,647,140,23
S013,2025-06-01,ahrefs,824,13,2577.0,670,112,42
S013,2025-07-01,ahrefs,839,8,2725.0,723,97,19
S013,2025-08-01,ahrefs,853,5,1277.0,696,100,57
S013,2025-09-01,ahrefs,863,11,3044.0,674,143,46
S013,2025-10-01,ahrefs,893,14,3495.0,764,104,25
S013,2025-11-01,ahrefs,897,6,1695.0,718,150,29
S013,2025-12-01,ahrefs,921,23,4316.0,737,133,51
S013,2026-01-01,ahrefs,950,14,2986.0,743,175,32
S013,2026-02-01,ahrefs,974,13,2635.0,746,190,38
S013,2026-03-01,ahrefs,999,12,3975.0,855,110,34
S013,2026-04-01,ahrefs,1032,19,3557.0,819,164,49
S013,2026-05-01,ahrefs,1047,24,4704.0,795,208,44
S013,2026-06-01,ahrefs,1044,4,1461.0,827,177,40
S013,2026-07-01,ahrefs,1054,7,1989.0,846,168,40
S013,2026-08-01,ahrefs,1074,10,3184.0,837,208,29
S013,2026-09-01,ahrefs,1092,23,4504.0,891,178,23
S014,2023-07-01,ahrefs,1147,20,4989.0,948,144,55
S014,2023-08-01,ahrefs,1172,13,4192.0,930,216,26
S014,2023-09-01,ahrefs,1194,31,6010.0,948,210,36
S014,2023-10-01,ahrefs,1216,10,2686.0,961,231,24
S014,2023-11-01,ahrefs,1243,15,3109.0,1034,141,68
S014,2023-12-01,ahrefs,1269,14,4325.0,1035,194,40
S014,2024-01-01,ahrefs,1282,8,1949.0,1004,234,44
S014,2024-02-01,ahrefs,1290,9,2051.0,1095,139,56
S014,2024-03-01,ahrefs,1301,8,2131.0,1068,204,29
S014,2024-04-01,ahrefs,1325,17,3932.0,1106,171,48
S014,2024-05-01,ahrefs,1353,15,3366.0,1063,254,36
S014,2024-06-01,ahrefs,1370,20,4024.0,1049,270,51
S014,2024-07-01,ahrefs,1399,17,4195.0,1152,156,91
S014,2024-08-01,ahrefs,1419,13,4042.0,1176,180,63
S014,2024-09-01,ahrefs,1437,16,4754.0,1231,163,43
S014,2024-10-01,ahrefs,1477,32,6311.0,1240,150,87
S014,2024-11-01,ahrefs,1493,14,3670.0,1272,188,33
S014,2024-12-01,ahrefs,1514,14,3585.0,1218,209,87
S014,2025-01-01,ahrefs,1526,13,2464.0,1319,153,54
S014,2025-02-01,ahrefs,1541,8,2226.0,1138,301,102
S014,2025-03-01,ahrefs,1550,6,1573.0,1171,288,91
S014,2025-04-01,ahrefs,1563,18,4698.0,1329,165,69
S014,2025-05-01,ahrefs,1571,9,2113.0,1326,178,67
S014,2025-06-01,ahrefs,1583,5,1389.0,1216,260,107
S014,2025-07-01,ahrefs,1601,17,4986.0,1248,243,110
S014,2025-08-01,ahrefs,1619,16,4948.0,1318,189,112
S014,2025-09-01,ahrefs,1635,13,3861.0,1373,198,64
S014,2025-10-01,ahrefs,1663,21,5281.0,1327,287,49
S014,2025-11-01,ahrefs,1689,20,5610.0,1365,251,73
S014,2025-12-01,ahrefs,1709,15,4572.0,1317,317,75
S014,2026-01-01,ahrefs,1727,17,3113.0,1327,310,90
S014,2026-02-01,ahrefs,1740,15,4053.0,1337,308,95
S014,2026-03-01,ahrefs,1762,12,3949.0,1391,252,119
S014,2026-04-01,ahrefs,1775,10,3313.0,1415,314,46
S014,2026-05-01,ahrefs,1776,14,3717.0,1512,195,69
S014,2026-06-01,ahrefs,1806,23,5753.0,1407,353,46
S014,2026-07-01,ahrefs,1837,21,4012.0,1473,310,54
S014,2026-08-01,ahrefs,1846,11,3691.0,1440,330,76
S014,2026-09-01,ahrefs,1878,27,4945.0,1507,254,117
S015,2023-07-01,ahrefs,760,8,1834.0,607,131,22
S015,2023-08-01,ahrefs,784,22,4550.0,628,127,29
S015,2023-09-01,ahrefs,793,6,1829.0,618,141,34
S015,2023-10-01,ahrefs,810,16,4819.0,634,144,32
S015,2023-11-01,ahrefs,854,27,5482.0,721,86,47
S015,2023-12-01,ahrefs,865,15,4820.0,689,126,50
S015,2024-01-01,ahrefs,897,23,6263.0,716,141,40
S015,2024-02-01,ahrefs,924,16,3767.0,756,139,29
S015,2024-03-01,ahrefs,946,21,4164.0,748,144,54
S015,2024-04-01,ahrefs,975,22,4160.0,831,111,33
S015,2024-05-01,ahrefs,1001,16,3379.0,783,198,20
S015,2024-06-01,ahrefs,1009,4,1275.0,829,147,33
S015,2024-07-01,ahrefs,1053,16,5354.0,830,199,24
S015,2024-08-01,ahrefs,1088,20,4102.0,892,163,33
S015,2024-09-01,ahrefs,1096,8,1657.0,843,177,76
S015,2024-10-01,ahrefs,1098,6,1872.0,901,165,32
S015,2024-11-01,ahrefs,1127,23,5139.0,939,153,35
S015,2024-12-01,ahrefs,1144,10,3221.0,863,207,74
S015,2025-01-01,ahrefs,1151,5,1419.0,933,190,28
S015,2025-02-01,ahrefs,1172,8,2152.0,931,166,75
S015,2025-03-01,ahrefs,1186,13,3580.0,1015,138,33
S015,2025-04-01,ahrefs,1211,16,5285.0,1045,140,26
S015,2025-05-01,ahrefs,1252,23,5523.0,1017,208,27
S015,2025-06-01,ahrefs,1277,11,2874.0,1055,155,67
S015,2025-07-01,ahrefs,1313,30,5954.0,1027,207,79
S015,2025-08-01,ahrefs,1330,16,4224.0,1152,146,32
S015,2025-09-01,ahrefs,1351,18,4961.0,1043,221,87
S015,2025-10-01,ahrefs,1374,13,3341.0,1157,173,44
S015,2025-11-01,ahrefs,1401,15,4978.0,1083,245,73
S015,2025-12-01,ahrefs,1424,17,3462.0,1119,275,30
S015,2026-01-01,ahrefs,1440,8,1751.0,1181,228,31
S015,2026-02-01,ahrefs,1474,20,4280.0,1128,246,100
S015,2026-03-01,ahrefs,1494,12,3372.0,1138,286,70
S015,2026-04-01,ahrefs,1496,11,2302.0,1154,255,87
S015,2026-05-01,ahrefs,1511,4,1217.0,1163,258,90
S015,2026-06-01,ahrefs,1527,13,2899.0,1162,297,68
S015,2026-07-01,ahrefs,1558,11,2847.0,1203,306,49
S015,2026-08-01,ahrefs,1584,17,5622.0,1206,316,62
S015,2026-09-01,ahrefs,1598,9,2496.0,1276,229,93
S016,2023-07-01,ahrefs,619,25,5936.0,483,95,41
S016,2023-08-01,ahrefs,662,31,6213.0,540,87,35
S016,2023-09-01,ahrefs,679,18,3596.0,544,92,43
S016,2023-10-01,ahrefs,693,12,4076.0,574,98,21
S016,2023-11-01,ahrefs,704,14,4491.0,596,72,36
S016,2023-12-01,ahrefs,733,14,4644.0,587,130,16
S016,2024-01-01,ahrefs,744,10,1947.0,576,131,37
S016,2024-02-01,ahrefs,747,6,1521.0,627,100,20
S016,2024-03-01,ahrefs,768,19,4305.0,577,139,52
S016,2024-04-01,ahrefs,784,18,5936.0,632,114,38
S016,2024-05-01,ahrefs,809,19,5544.0,696,87,26
S016,2024-06-01,ahrefs,848,33,6155.0,669,157,22
S016,2024-07-01,ahrefs,869,18,4530.0,688,146,35
S016,2024-08-01,ahrefs,885,12,2390.0,746,119,20
S016,2024-09-01,ahrefs,885,13,2662.0,690,154,41
S016,2024-10-01,ahrefs,907,13,3780.0,746,121,40
S016,2024-11-01,ahrefs,917,11,3308.0,711,161,45
S016,2024-12-01,ahrefs,941,24,4907.0,821,101,19
S016,2025-01-01,ahrefs,965,18,4355.0,796,144,25
S016,2025-02-01,ahrefs,993,16,4121.0,800,135,58
S016,2025-03-01,ahrefs,1017,6,1958.0,810,153,54
S016,2025-04-01,ahrefs,1044,13,4257.0,880,133,31
S016,2025-05-01,ahrefs,1067,15,3144.0,829,210,28
S016,2025-06-01,ahrefs,1075,7,1831.0,856,152,67
S016,2025-07-01,ahrefs,1098,13,4115.0,879,169,50
S016,2025-08-01,ahrefs,1094,4,1421.0,852,190,52
S016,2025-09-01,ahrefs,1111,17,5380.0,912,173,26
S016,2025-10-01,ahrefs,1123,7,2079.0,944,128,51
S016,2025-11-01,ahrefs,1137,6,2139.0,919,152,66
S016,2025-12-01,ahrefs,1168,22,4268.0,917,220,31
S016,2026-01-01,ahrefs,1183,27,4994.0,928,214,41
S016,2026-02-01,ahrefs,1181,6,2112.0,969,169,43
S016,2026-03-01,ahrefs,1202,11,3507.0,1012,123,67
S016,2026-04-01,ahrefs,1226,19,4327.0,959,221,46
S016,2026-05-01,ahrefs,1249,10,2215.0,993,224,32
S016,2026-06-01,ahrefs,1263,12,2416.0,1078,149,36
S016,2026-07-01,ahrefs,1282,9,2762.0,968,235,79
S016,2026-08-01,ahrefs,1293,12,3952.0,1005,248,40
S016,2026-09-01,ahrefs,1310,9,2709.0,1043,226,41
