site_id,month,organic_clicks_target,seo_budget_eur,links_budget_eur
S001,2023-07-01,56737,7265.0,3000.0
S001,2023-08-01,60495,3911.0,2000.0
S001,2023-09-01,68928,7354.0,3000.0
S001,2023-10-01,76106,12097.0,5000.0
S001,2023-11-01,73440,13438.0,6000.0
S001,2023-12-01,84342,7888.0,4000.0
S001,2024-01-01,74707,12848.0,5000.0
S001,2024-02-01,75026,7498.0,3000.0
S001,2024-03-01,90557,11835.0,6000.0
S001,2024-04-01,83570,6268.0,3000.0
S001,2024-05-01,79193,9590.0,5000.0
S001,2024-06-01,93749,14609.0,6000.0
S001,2024-07-01,72476,7634.0,3000.0
S001,2024-08-01,73563,7614.0,3000.0
S001,2024-09-01,80842,9884.0,4000.0
S001,2024-10-01,98648,7646.0,3000.0
S001,2024-11-01,98815,4511.0,2000.0
S001,2024-12-01,88241,11899.0,6000.0
S001,2025-01-01,97938,13199.0,6000.0
S001,2025-02-01,79969,9514.0,4000.0
S001,2025-03-01,89013,15083.0,6000.0
S001,2025-04-01,97369,3903.0,2000.0
S001,2025-05-01,92728,5092.0,2000.0
S001,2025-06-01,89258,7517.0,3000.0
S001,2025-07-01,81730,4986.0,2000.0
S001,2025-08-01,84254,11883.0,5000.0
S001,2025-09-01,102846,12829.0,6000.0
S001,2025-10-01,126231,6499.0,3000.0
S001,2025-11-01,118500,8686.0,4000.0
S001,2025-12-01,130356,10924.0,6000.0
S001,2026-01-01,121990,4550.0,2000.0
S001,2026-02-01,108842,7556.0,3000.0
S001,2026-03-01,140891,9865.0,4000.0
S001,2026-04-01,131440,11567.0,5000.0
S001,2026-05-01,125111,8668.0,4000.0
S001,2026-06-01,106847,11890.0,5000.0
S001,2026-07-01,105265,15190.0,6000.0
S001,2026-08-01,109539,4163.0,2000.0
S001,2026-09-01,123039,7449.0,3000.0
S001,2026-10-01,,8940.0,4000.0
S001,2026-11-01,,3859.0,2000.0
S001,2026-12-01,,11843.0,6000.0
S002,2023-07-01,70073,9056.0,4000.0
S002,2023-08-01,70158,12024.0,5000.0
S002,2023-09-01,87877,9382.0,5000.0
S002,2023-10-01,91559,6021.0,3000.0
S002,2023-11-01,96481,14155.0,6000.0
S002,2023-12-01,97634,11894.0,5000.0
S002,2024-01-01,90393,11012.0,6000.0
S002,2024-02-01,82304,4237.0,2000.0
S002,2024-03-01,106493,14752.0,6000.0
S002,2024-04-01,105563,10954.0,6000.0
S002,2024-05-01,99187,7842.0,4000.0
S002,2024-06-01,94568,4650.0,2000.0
S002,2024-07-01,94809,7689.0,4000.0
S002,2024-08-01,115103,6377.0,3000.0
S002,2024-09-01,125485,4474.0,2000.0
S002,2024-10-01,134952,7210.0,4000.0
S002,2024-11-01,170497,5621.0,3000.0
S002,2024-12-01,150516,12933.0,6000.0
S002,2025-01-01,124564,9470.0,4000.0
S002,2025-02-01,129413,10291.0,5000.0
S002,2025-03-01,161587,5672.0,3000.0
S002,2025-04-01,178329,4218.0,2000.0
S002,2025-05-01,164736,4221.0,2000.0
S002,2025-06-01,169243,7636.0,3000.0
S002,2025-07-01,137934,7015.0,3000.0
S002,2025-08-01,157751,12206.0,5000.0
S002,2025-09-01,194790,14576.0,6000.0
S002,2025-10-01,195886,12641.0,6000.0
S002,2025-11-01,198383,14495.0,6000.0
S002,2025-12-01,183886,11330.0,6000.0
S002,2026-01-01,215178,6432.0,3000.0
S002,2026-02-01,171473,12919.0,6000.0
S002,2026-03-01,200450,10829.0,6000.0
S002,2026-04-01,232338,8184.0,4000.0
S002,2026-05-01,194079,8982.0,4000.0
S002,2026-06-01,240193,5803.0,3000.0
S002,2026-07-01,188521,10746.0,5000.0
S002,2026-08-01,192596,7386.0,3000.0
S002,2026-09-01,169465,13912.0,6000.0
S002,2026-10-01,,7695.0,3000.0
S002,2026-11-01,,3915.0,2000.0
S002,2026-12-01,,4107.0,2000.0
S003,2023-07-01,60488,9088.0,4000.0
S003,2023-08-01,56292,3786.0,2000.0
S003,2023-09-01,58593,11171.0,6000.0
S003,2023-10-01,63912,5767.0,3000.0
S003,2023-11-01,58465,12578.0,6000.0
S003,2023-12-01,60254,14906.0,6000.0
S003,2024-01-01,72005,7782.0,3000.0
S003,2024-02-01,66324,6843.0,3000.0
S003,2024-03-01,71146,10821.0,6000.0
S003,2024-04-01,69847,10030.0,4000.0
S003,2024-05-01,68410,6774.0,3000.0
S003,2024-06-01,71299,11042.0,5000.0
S003,2024-07-01,57847,7060.0,3000.0
S003,2024-08-01,60820,9617.0,4000.0
S003,2024-09-01,62445,9279.0,4000.0
S003,2024-10-01,71268,5856.0,3000.0
S003,2024-11-01,79727,12971.0,6000.0
S003,2024-12-01,75526,12145.0,6000.0
S003,2025-01-01,69180,5477.0,3000.0
S003,2025-02-01,64630,6486.0,3000.0
S003,2025-03-01,87541,8343.0,4000.0
S003,2025-04-01,73791,4597.0,2000.0
S003,2025-05-01,74288,4863.0,2000.0
S003,2025-06-01,84714,11445.0,5000.0
S003,2025-07-01,71504,12666.0,5000.0
S003,2025-08-01,72576,8056.0,4000.0
S003,2025-09-01,75777,11916.0,5000.0
S003,2025-10-01,86903,5147.0,2000.0
S003,2025-11-01,101450,3840.0,2000.0
S003,2025-12-01,95785,13307.0,6000.0
S003,2026-01-01,85360,13313.0,6000.0
S003,2026-02-01,77910,4609.0,2000.0
S003,2026-03-01,80791,5199.0,2000.0
S003,2026-04-01,91121,14685.0,6000.0
S003,2026-05-01,97623,5198.0,2000.0
S003,2026-06-01,95192,4269.0,2000.0
S003,2026-07-01,85116,9073.0,4000.0
S003,2026-08-01,73724,9607.0,5000.0
S003,2026-09-01,88388,10297.0,4000.0
S003,2026-10-01,,11060.0,6000.0
S003,2026-11-01,,15585.0,6000.0
S003,2026-12-01,,4812.0,2000.0
S004,2023-07-01,41645,11408.0,5000.0
S004,2023-08-01,47971,5184.0,2000.0
S004,2023-09-01,56918,4909.0,2000.0
S004,2023-10-01,58278,14595.0,6000.0
S004,2023-11-01,63127,4814.0,2000.0
S004,2023-12-01,54218,12649.0,5000.0
S004,2024-01-01,47589,7976.0,4000.0
S004,2024-02-01,50856,9202.0,5000.0
S004,2024-03-01,51900,5538.0,3000.0
S004,2024-04-01,57956,9706.0,5000.0
S004,2024-05-01,61798,4419.0,2000.0
S004,2024-06-01,70297,10178.0,5000.0
S004,2024-07-01,51276,8278.0,4000.0
S004,2024-08-01,47310,4284.0,2000.0
S004,2024-09-01,56721,10307.0,4000.0
S004,2024-10-01,66129,10583.0,5000.0
S004,2024-11-01,73711,8093.0,4000.0
S004,2024-12-01,68045,3920.0,2000.0
S004,2025-01-01,57621,11158.0,6000.0
S004,2025-02-01,53879,7810.0,4000.0
S004,2025-03-01,61665,5056.0,2000.0
S004,2025-04-01,70060,15131.0,6000.0
S004,2025-05-01,59153,5430.0,3000.0
S004,2025-06-01,63719,4200.0,2000.0
S004,2025-07-01,58399,9610.0,5000.0
S004,2025-08-01,65105,4317.0,2000.0
S004,2025-09-01,55487,4968.0,2000.0
S004,2025-10-01,63397,4817.0,2000.0
S004,2025-11-01,68752,10908.0,6000.0
S004,2025-12-01,67286,15070.0,6000.0
S004,2026-01-01,81196,8676.0,4000.0
S004,2026-02-01,65765,14569.0,6000.0
S004,2026-03-01,87267,9652.0,5000.0
S004,2026-04-01,81053,8601.0,4000.0
S004,2026-05-01,84308,10065.0,5000.0
S004,2026-06-01,96993,13963.0,6000.0
S004,2026-07-01,85134,7701.0,4000.0
S004,2026-08-01,80777,4609.0,2000.0
S004,2026-09-01,86418,12873.0,6000.0
S004,2026-10-01,,12041.0,6000.0
S004,2026-11-01,,9258.0,5000.0
S004,2026-12-01,,4300.0,2000.0
S005,2023-07-01,34841,6340.0,3000.0
S005,2023-08-01,37021,11864.0,5000.0
S005,2023-09-01,43004,14601.0,6000.0
S005,2023-10-01,39996,6496.0,3000.0
S005,2023-11-01,40368,9021.0,4000.0
S005,2023-12-01,39936,6277.0,3000.0
S005,2024-01-01,42854,15316.0,6000.0
S005,2024-02-01,40399,12699.0,5000.0
S005,2024-03-01,43391,10221.0,4000.0
S005,2024-04-01,39361,13343.0,6000.0
S005,2024-05-01,45807,10083.0,5000.0
S005,2024-06-01,47846,4817.0,2000.0
S005,2024-07-01,39603,5082.0,2000.0
S005,2024-08-01,38863,13938.0,6000.0
S005,2024-09-01,40398,4717.0,2000.0
S005,2024-10-01,52588,14358.0,6000.0
S005,2024-11-01,46442,10485.0,5000.0
S005,2024-12-01,40000,8835.0,4000.0
S005,2025-01-01,44812,5540.0,3000.0
S005,2025-02-01,44808,11145.0,5000.0
S005,2025-03-01,52822,4745.0,2000.0
S005,2025-04-01,51396,4559.0,2000.0
S005,2025-05-01,53309,10198.0,4000.0
S005,2025-06-01,60421,12123.0,5000.0
S005,2025-07-01,49924,11412.0,5000.0
S005,2025-08-01,44208,4017.0,2000.0
S005,2025-09-01,50128,13405.0,6000.0
S005,2025-10-01,64076,7563.0,4000.0
S005,2025-11-01,61904,10273.0,4000.0
S005,2025-12-01,59017,6363.0,3000.0
S005,2026-01-01,58005,11662.0,6000.0
S005,2026-02-01,50674,7151.0,3000.0
S005,2026-03-01,67893,13251.0,6000.0
S005,2026-04-01,65049,11778.0,5000.0
S005,2026-05-01,71107,9436.0,5000.0
S005,2026-06-01,69766,5609.0,3000.0
S005,2026-07-01,62469,9512.0,5000.0
S005,2026-08-01,56449,3930.0,2000.0
S005,2026-09-01,67193,9790.0,4000.0
S005,2026-10-01,,11277.0,6000.0
S005,2026-11-01,,9253.0,4000.0
S005,2026-12-01,,4912.0,2000.0
S006,2023-07-01,34472,4182.0,2000.0
S006,2023-08-01,38548,5978.0,3000.0
S006,2023-09-01,43193,10217.0,4000.0
S006,2023-10-01,46184,8450.0,4000.0
S006,2023-11-01,51722,9627.0,4000.0
S006,2023-12-01,48025,14755.0,6000.0
S006,2024-01-01,48083,5119.0,2000.0
S006,2024-02-01,52219,9969.0,4000.0
S006,2024-03-01,64355,7057.0,3000.0
S006,2024-04-01,55526,4125.0,2000.0
S006,2024-05-01,60986,9038.0,4000.0
S006,2024-06-01,56307,5811.0,3000.0
S006,2024-07-01,47702,3986.0,2000.0
S006,2024-08-01,49197,11468.0,5000.0
S006,2024-09-01,48114,15406.0,6000.0
S006,2024-10-01,62954,9911.0,4000.0
S006,2024-11-01,72888,8409.0,4000.0
S006,2024-12-01,65322,3639.0,2000.0
S006,2025-01-01,66803,9165.0,5000.0
S006,2025-02-01,53577,12695.0,5000.0
S006,2025-03-01,65634,7465.0,4000.0
S006,2025-04-01,63528,6772.0,3000.0
S006,2025-05-01,61434,8478.0,4000.0
S006,2025-06-01,63331,9663.0,5000.0
S006,2025-07-01,62717,15120.0,6000.0
S006,2025-08-01,63806,14195.0,6000.0
S006,2025-09-01,68603,6348.0,3000.0
S006,2025-10-01,76032,7315.0,4000.0
S006,2025-11-01,78388,4226.0,2000.0
S006,2025-12-01,75487,3681.0,2000.0
S006,2026-01-01,71704,8118.0,4000.0
S006,2026-02-01,68667,7326.0,3000.0
S006,2026-03-01,81502,7039.0,3000.0
S006,2026-04-01,76337,15340.0,6000.0
S006,2026-05-01,79127,6663.0,3000.0
S006,2026-06-01,76324,11206.0,5000.0
S006,2026-07-01,71096,12551.0,6000.0
S006,2026-08-01,75975,5422.0,3000.0
S006,2026-09-01,89459,4542.0,2000.0
S006,2026-10-01,,8681.0,4000.0
S006,2026-11-01,,12711.0,6000.0
S006,2026-12-01,,10495.0,5000.0
S007,2023-07-01,72159,12704.0,5000.0
S007,2023-08-01,74522,7311.0,3000.0
S007,2023-09-01,84432,14219.0,6000.0
S007,2023-10-01,105966,13844.0,6000.0
S007,2023-11-01,104832,7192.0,3000.0
S007,2023-12-01,107398,4738.0,2000.0
S007,2024-01-01,85410,10863.0,6000.0
S007,2024-02-01,98789,12127.0,6000.0
S007,2024-03-01,113741,15475.0,6000.0
S007,2024-04-01,102869,4942.0,2000.0
S007,2024-05-01,114303,4389.0,2000.0
S007,2024-06-01,105453,3684.0,2000.0
S007,2024-07-01,100832,6326.0,3000.0
S007,2024-08-01,102114,4655.0,2000.0
S007,2024-09-01,99931,12323.0,5000.0
S007,2024-10-01,122726,10440.0,5000.0
S007,2024-11-01,139205,11010.0,5000.0
S007,2024-12-01,135167,11897.0,6000.0
S007,2025-01-01,123925,15534.0,6000.0
S007,2025-02-01,102397,7233.0,3000.0
S007,2025-03-01,130358,7077.0,3000.0
S007,2025-04-01,132462,4011.0,2000.0
S007,2025-05-01,128132,6936.0,3000.0
S007,2025-06-01,128538,15250.0,6000.0
S007,2025-07-01,103048,4279.0,2000.0
S007,2025-08-01,109793,12025.0,5000.0
S007,2025-09-01,143348,12800.0,5000.0
S007,2025-10-01,176415,10492.0,5000.0
S007,2025-11-01,165374,14164.0,6000.0
S007,2025-12-01,144123,6208.0,3000.0
S007,2026-01-01,168326,4528.0,2000.0
S007,2026-02-01,165937,9377.0,4000.0
S007,2026-03-01,171971,7367.0,3000.0
S007,2026-04-01,186526,7766.0,4000.0
S007,2026-05-01,190748,15531.0,6000.0
S007,2026-06-01,209521,8699.0,4000.0
S007,2026-07-01,186503,7404.0,4000.0
S007,2026-08-01,175416,8068.0,4000.0
S007,2026-09-01,177591,7932.0,4000.0
S007,2026-10-01,,7099.0,3000.0
S007,2026-11-01,,10967.0,6000.0
S007,2026-12-01,,4335.0,2000.0
S008,2023-07-01,88794,10910.0,5000.0
S008,2023-08-01,94943,4485.0,2000.0
S008,2023-09-01,101218,3987.0,2000.0
S008,2023-10-01,114039,11268.0,5000.0
S008,2023-11-01,107389,9778.0,4000.0
S008,2023-12-01,104560,9869.0,5000.0
S008,2024-01-01,93493,7748.0,3000.0
S008,2024-02-01,94513,13661.0,6000.0
S008,2024-03-01,120008,12620.0,5000.0
S008,2024-04-01,135143,3607.0,2000.0
S008,2024-05-01,139388,7274.0,3000.0
S008,2024-06-01,140875,10104.0,4000.0
S008,2024-07-01,132988,11379.0,6000.0
S008,2024-08-01,123589,9959.0,4000.0
S008,2024-09-01,141229,12078.0,5000.0
S008,2024-10-01,178731,9978.0,5000.0
S008,2024-11-01,195278,5576.0,3000.0
S008,2024-12-01,191849,3820.0,2000.0
S008,2025-01-01,185532,6147.0,3000.0
S008,2025-02-01,168548,12600.0,6000.0
S008,2025-03-01,193023,8756.0,4000.0
S008,2025-04-01,189691,9052.0,4000.0
S008,2025-05-01,183591,4803.0,2000.0
S008,2025-06-01,232355,12874.0,6000.0
S008,2025-07-01,198536,14328.0,6000.0
S008,2025-08-01,227339,4641.0,2000.0
S008,2025-09-01,216044,6843.0,3000.0
S008,2025-10-01,272061,9370.0,5000.0
S008,2025-11-01,264063,5196.0,2000.0
S008,2025-12-01,256882,11177.0,6000.0
S008,2026-01-01,258717,3662.0,2000.0
S008,2026-02-01,245088,12644.0,5000.0
S008,2026-03-01,265705,6447.0,3000.0
S008,2026-04-01,256769,12151.0,6000.0
S008,2026-05-01,268384,12904.0,6000.0
S008,2026-06-01,245494,9508.0,4000.0
S008,2026-07-01,198738,10456.0,5000.0
S008,2026-08-01,241597,7282.0,4000.0
S008,2026-09-01,283893,11702.0,5000.0
S008,2026-10-01,,9279.0,4000.0
S008,2026-11-01,,9138.0,4000.0
S008,2026-12-01,,5004.0,2000.0
S009,2023-07-01,39398,3660.0,2000.0
S009,2023-08-01,49081,4489.0,2000.0
S009,2023-09-01,54824,4156.0,2000.0
S009,2023-10-01,57199,11046.0,6000.0
S009,2023-11-01,57506,11294.0,5000.0
S009,2023-12-01,62753,9166.0,4000.0
S009,2024-01-01,59659,12406.0,6000.0
S009,2024-02-01,51653,4470.0,2000.0
S009,2024-03-01,70057,11671.0,5000.0
S009,2024-04-01,66014,12785.0,6000.0
S009,2024-05-01,57784,10841.0,5000.0
S009,2024-06-01,58926,8582.0,4000.0
S009,2024-07-01,51390,13667.0,6000.0
S009,2024-08-01,59082,11279.0,5000.0
S009,2024-09-01,65238,3602.0,2000.0
S009,2024-10-01,80034,9751.0,5000.0
S009,2024-11-01,75834,10208.0,5000.0
S009,2024-12-01,74600,14403.0,6000.0
S009,2025-01-01,71180,9268.0,4000.0
S009,2025-02-01,69337,11337.0,6000.0
S009,2025-03-01,78805,4599.0,2000.0
S009,2025-04-01,83657,6760.0,3000.0
S009,2025-05-01,76937,11215.0,6000.0
S009,2025-06-01,80601,11232.0,6000.0
S009,2025-07-01,69924,9580.0,4000.0
S009,2025-08-01,69063,4144.0,2000.0
S009,2025-09-01,81660,4594.0,2000.0
S009,2025-10-01,102283,5481.0,3000.0
S009,2025-11-01,100135,10709.0,5000.0
S009,2025-12-01,90896,14653.0,6000.0
S009,2026-01-01,98375,9990.0,4000.0
S009,2026-02-01,91714,10659.0,5000.0
S009,2026-03-01,98450,4673.0,2000.0
S009,2026-04-01,104433,15514.0,6000.0
S009,2026-05-01,91837,8156.0,4000.0
S009,2026-06-01,97265,10122.0,4000.0
S009,2026-07-01,91736,9682.0,5000.0
S009,2026-08-01,89475,7524.0,4000.0
S009,2026-09-01,75751,9450.0,5000.0
S009,2026-10-01,,12584.0,5000.0
S009,2026-11-01,,4037.0,2000.0
S009,2026-12-01,,11422.0,5000.0
S010,2023-07-01,96473,9718.0,4000.0
S010,2023-08-01,100656,5153.0,2000.0
S010,2023-09-01,108974,3644.0,2000.0
S010,2023-10-01,120312,7896.0,4000.0
S010,2023-11-01,112109,9917.0,4000.0
S010,2023-12-01,107086,14569.0,6000.0
S010,2024-01-01,116287,8824.0,4000.0
S010,2024-02-01,112536,7271.0,3000.0
S010,2024-03-01,148235,15409.0,6000.0
S010,2024-04-01,146206,12698.0,5000.0
S010,2024-05-01,156796,12048.0,6000.0
S010,2024-06-01,158495,4130.0,2000.0
S010,2024-07-01,151307,11564.0,6000.0
S010,2024-08-01,153064,4903.0,2000.0
S010,2024-09-01,146939,8314.0,4000.0
S010,2024-10-01,166474,14482.0,6000.0
S010,2024-11-01,156419,6115.0,3000.0
S010,2024-12-01,157195,9310.0,5000.0
S010,2025-01-01,176127,10303.0,5000.0
S010,2025-02-01,163969,11956.0,5000.0
S010,2025-03-01,201532,7459.0,3000.0
S010,2025-04-01,186469,10086.0,4000.0
S010,2025-05-01,189728,6532.0,3000.0
S010,2025-06-01,201607,9066.0,5000.0
S010,2025-07-01,195084,9569.0,4000.0
S010,2025-08-01,182562,9534.0,4000.0
S010,2025-09-01,218615,5679.0,3000.0
S010,2025-10-01,273973,11100.0,5000.0
S010,2025-11-01,287206,15423.0,6000.0
S010,2025-12-01,262769,12616.0,5000.0
S010,2026-01-01,275799,7795.0,4000.0
S010,2026-02-01,221404,5580.0,3000.0
S010,2026-03-01,310861,4882.0,2000.0
S010,2026-04-01,298047,11772.0,6000.0
S010,2026-05-01,296931,7699.0,3000.0
S010,2026-06-01,334922,7035.0,3000.0
S010,2026-07-01,271330,5012.0,2000.0
S010,2026-08-01,289778,11153.0,5000.0
S010,2026-09-01,309932,5504.0,3000.0
S010,2026-10-01,,4547.0,2000.0
S010,2026-11-01,,6440.0,3000.0
S010,2026-12-01,,13278.0,6000.0
S011,2023-07-01,86066,8082.0,4000.0
S011,2023-08-01,80877,7828.0,4000.0
S011,2023-09-01,80405,14885.0,6000.0
S011,2023-10-01,91154,11765.0,5000.0
S011,2023-11-01,84042,7095.0,3000.0
S011,2023-12-01,87044,12080.0,6000.0
S011,2024-01-01,104935,7246.0,4000.0
S011,2024-02-01,103246,9753.0,4000.0
S011,2024-03-01,114034,5191.0,2000.0
S011,2024-04-01,106621,11988.0,6000.0
S011,2024-05-01,106231,12136.0,6000.0
S011,2024-06-01,119572,4633.0,2000.0
S011,2024-07-01,105099,10860.0,6000.0
S011,2024-08-01,108723,9310.0,4000.0
S011,2024-09-01,110670,14506.0,6000.0
S011,2024-10-01,134573,9153.0,5000.0
S011,2024-11-01,137107,4635.0,2000.0
S011,2024-12-01,133965,5902.0,3000.0
S011,2025-01-01,138494,10330.0,4000.0
S011,2025-02-01,142019,7429.0,3000.0
S011,2025-03-01,148955,10500.0,5000.0
S011,2025-04-01,159066,11850.0,5000.0
S011,2025-05-01,174883,10411.0,5000.0
S011,2025-06-01,164036,7591.0,4000.0
S011,2025-07-01,149861,8882.0,4000.0
S011,2025-08-01,141329,6294.0,3000.0
S011,2025-09-01,162970,9912.0,4000.0
S011,2025-10-01,199406,6268.0,3000.0
S011,2025-11-01,186174,4821.0,2000.0
S011,2025-12-01,187884,11887.0,5000.0
S011,2026-01-01,164168,7222.0,4000.0
S011,2026-02-01,137133,14547.0,6000.0
S011,2026-03-01,178250,5813.0,3000.0
S011,2026-04-01,196197,13969.0,6000.0
S011,2026-05-01,214331,7545.0,3000.0
S011,2026-06-01,166768,12144.0,6000.0
S011,2026-07-01,148936,11892.0,6000.0
S011,2026-08-01,182638,4375.0,2000.0
S011,2026-09-01,202207,6943.0,3000.0
S011,2026-10-01,,14816.0,6000.0
S011,2026-11-01,,4203.0,2000.0
S011,2026-12-01,,9358.0,4000.0
S012,2023-07-01,32843,14585.0,6000.0
S012,2023-08-01,31648,6204.0,3000.0
S012,2023-09-01,36457,5126.0,2000.0
S012,2023-10-01,40863,9437.0,4000.0
S012,2023-11-01,39909,3727.0,2000.0
S012,2023-12-01,41373,3623.0,2000.0
S012,2024-01-01,42433,6980.0,3000.0
S012,2024-02-01,46105,7670.0,4000.0
S012,2024-03-01,43204,3758.0,2000.0
S012,2024-04-01,45280,4176.0,2000.0
S012,2024-05-01,45278,6986.0,3000.0
S012,2024-06-01,39450,4935.0,2000.0
S012,2024-07-01,32999,5992.0,3000.0
S012,2024-08-01,42250,12717.0,6000.0
S012,2024-09-01,48276,4090.0,2000.0
S012,2024-10-01,50133,4701.0,2000.0
S012,2024-11-01,50613,7738.0,4000.0
S012,2024-12-01,46552,9360.0,5000.0
S012,2025-01-01,50089,11598.0,6000.0
S012,2025-02-01,45140,11053.0,5000.0
S012,2025-03-01,52312,12256.0,5000.0
S012,2025-04-01,45849,12454.0,5000.0
S012,2025-05-01,50722,13272.0,6000.0
S012,2025-06-01,56878,5153.0,2000.0
S012,2025-07-01,42009,12387.0,5000.0
S012,2025-08-01,47473,11630.0,5000.0
S012,2025-09-01,49616,14948.0,6000.0
S012,2025-10-01,66292,13000.0,6000.0
S012,2025-11-01,66090,7712.0,3000.0
S012,2025-12-01,63332,9427.0,5000.0
S012,2026-01-01,66042,15512.0,6000.0
S012,2026-02-01,59066,13708.0,6000.0
S012,2026-03-01,70953,4686.0,2000.0
S012,2026-04-01,63384,6736.0,3000.0
S012,2026-05-01,67965,4683.0,2000.0
S012,2026-06-01,76628,8287.0,4000.0
S012,2026-07-01,71414,7293.0,4000.0
S012,2026-08-01,60908,11366.0,6000.0
S012,2026-09-01,59044,11366.0,6000.0
S012,2026-10-01,,9776.0,5000.0
S012,2026-11-01,,6083.0,3000.0
S012,2026-12-01,,7331.0,4000.0
S013,2023-07-01,73341,10904.0,5000.0
S013,2023-08-01,76295,9522.0,4000.0
S013,2023-09-01,83233,6851.0,3000.0
S013,2023-10-01,94284,5478.0,3000.0
S013,2023-11-01,97494,7726.0,3000.0
S013,2023-12-01,91477,8424.0,4000.0
S013,2024-01-01,102497,3768.0,2000.0
S013,2024-02-01,77144,4015.0,2000.0
S013,2024-03-01,94993,6552.0,3000.0
S013,2024-04-01,89322,9042.0,4000.0
S013,2024-05-01,95519,13342.0,6000.0
S013,2024-06-01,110649,10849.0,6000.0
S013,2024-07-01,99490,4040.0,2000.0
S013,2024-08-01,108605,11209.0,5000.0
S013,2024-09-01,104052,7189.0,3000.0
S013,2024-10-01,120569,6668.0,3000.0
S013,2024-11-01,122046,9822.0,5000.0
S013,2024-12-01,122685,6333.0,3000.0
S013,2025-01-01,121652,7799.0,3000.0
S013,2025-02-01,128554,9710.0,5000.0
S013,2025-03-01,141737,15115.0,6000.0
S013,2025-04-01,160132,14488.0,6000.0
S013,2025-05-01,141618,10736.0,5000.0
S013,2025-06-01,155925,6408.0,3000.0
S013,2025-07-01,133118,8679.0,4000.0
S013,2025-08-01,141357,4388.0,2000.0
S013,2025-09-01,151490,9744.0,5000.0
S013,2025-10-01,162274,10283.0,4000.0
S013,2025-11-01,157471,3962.0,2000.0
S013,2025-12-01,172334,10139.0,5000.0
S013,2026-01-01,164854,6053.0,3000.0
S013,2026-02-01,159757,7188.0,3000.0
S013,2026-03-01,196163,9692.0,4000.0
S013,2026-04-01,190534,11419.0,5000.0
S013,2026-05-01,176945,11818.0,5000.0
S013,2026-06-01,187645,4991.0,2000.0
S013,2026-07-01,145743,5492.0,3000.0
S013,2026-08-01,146961,9691.0,4000.0
S013,2026-09-01,145419,12289.0,5000.0
S013,2026-10-01,,12346.0,5000.0
S013,2026-11-01,,6335.0,3000.0
S013,2026-12-01,,5137.0,2000.0
S014,2023-07-01,94862,11262.0,5000.0
S014,2023-08-01,94058,9325.0,5000.0
S014,2023-09-01,87891,12982.0,6000.0
S014,2023-10-01,102125,7267.0,4000.0
S014,2023-11-01,126302,6749.0,3000.0
S014,2023-12-01,128699,11409.0,5000.0
S014,2024-01-01,103361,4887.0,2000.0
S014,2024-02-01,101072,4214.0,2000.0
S014,2024-03-01,123546,6609.0,3000.0
S014,2024-04-01,131132,12184.0,6000.0
S014,2024-05-01,123109,12521.0,5000.0
S014,2024-06-01,122896,7904.0,4000.0
S014,2024-07-01,110570,7352.0,4000.0
S014,2024-08-01,120885,12458.0,6000.0
S014,2024-09-01,135235,10979.0,5000.0
S014,2024-10-01,135016,10923.0,6000.0
S014,2024-11-01,151719,10233.0,4000.0
S014,2024-12-01,158159,9503.0,4000.0
S014,2025-01-01,158430,7204.0,3000.0
S014,2025-02-01,136023,6933.0,3000.0
S014,2025-03-01,164234,4470.0,2000.0
S014,2025-04-01,165807,11613.0,5000.0
S014,2025-05-01,154392,3800.0,2000.0
S014,2025-06-01,182196,4152.0,2000.0
S014,2025-07-01,164518,13174.0,6000.0
S014,2025-08-01,142861,10937.0,6000.0
S014,2025-09-01,149002,15216.0,6000.0
S014,2025-10-01,185142,14446.0,6000.0
S014,2025-11-01,178371,13541.0,6000.0
S014,2025-12-01,173269,11508.0,5000.0
S014,2026-01-01,167479,9196.0,5000.0
S014,2026-02-01,142223,12644.0,5000.0
S014,2026-03-01,160458,13016.0,6000.0
S014,2026-04-01,151869,9717.0,4000.0
S014,2026-05-01,160663,11359.0,6000.0
S014,2026-06-01,186401,10967.0,6000.0
S014,2026-07-01,155245,7611.0,4000.0
S014,2026-08-01,156273,11344.0,5000.0
S014,2026-09-01,159965,12385.0,5000.0
S014,2026-10-01,,12374.0,5000.0
S014,2026-11-01,,7392.0,3000.0
S014,2026-12-01,,8093.0,4000.0
S015,2023-07-01,34596,3807.0,2000.0
S015,2023-08-01,35414,12512.0,5000.0
S015,2023-09-01,34578,6492.0,3000.0
S015,2023-10-01,43199,12498.0,6000.0
S015,2023-11-01,43148,14880.0,6000.0
S015,2023-12-01,46549,11217.0,5000.0
S015,2024-01-01,47357,13619.0,6000.0
S015,2024-02-01,34621,13476.0,6000.0
S015,2024-03-01,38825,13707.0,6000.0
S015,2024-04-01,42123,9799.0,4000.0
S015,2024-05-01,34837,10187.0,4000.0
S015,2024-06-01,35066,5085.0,2000.0
S015,2024-07-01,34024,12105.0,6000.0
S015,2024-08-01,35676,12506.0,6000.0
S015,2024-09-01,36219,3845.0,2000.0
S015,2024-10-01,36244,3733.0,2000.0
S015,2024-11-01,42405,11710.0,5000.0
S015,2024-12-01,40126,8883.0,4000.0
S015,2025-01-01,37036,5131.0,2000.0
S015,2025-02-01,34174,6887.0,3000.0
S015,2025-03-01,41377,11098.0,5000.0
S015,2025-04-01,42603,11916.0,5000.0
S015,2025-05-01,38604,12674.0,6000.0
S015,2025-06-01,43828,5595.0,3000.0
S015,2025-07-01,36935,14152.0,6000.0
S015,2025-08-01,44294,9143.0,5000.0
S015,2025-09-01,43837,13032.0,6000.0
S015,2025-10-01,44115,8699.0,4000.0
S015,2025-11-01,47656,11235.0,5000.0
S015,2025-12-01,41170,8445.0,4000.0
S015,2026-01-01,40764,4640.0,2000.0
S015,2026-02-01,37296,13710.0,6000.0
S015,2026-03-01,51609,9543.0,5000.0
S015,2026-04-01,44639,7065.0,3000.0
S015,2026-05-01,43960,4851.0,2000.0
S015,2026-06-01,50583,10198.0,4000.0
S015,2026-07-01,44817,7866.0,4000.0
S015,2026-08-01,45430,14755.0,6000.0
S015,2026-09-01,39485,6956.0,3000.0
S015,2026-10-01,,9917.0,4000.0
S015,2026-11-01,,6185.0,3000.0
S015,2026-12-01,,12596.0,6000.0
S016,2023-07-01,43547,12666.0,6000.0
S016,2023-08-01,43786,14262.0,6000.0
S016,2023-09-01,51367,7369.0,4000.0
S016,2023-10-01,56840,8600.0,4000.0
S016,2023-11-01,52712,13096.0,6000.0
S016,2023-12-01,52681,10352.0,5000.0
S016,2024-01-01,53681,3749.0,2000.0
S016,2024-02-01,53971,3705.0,2000.0
S016,2024-03-01,76974,10147.0,5000.0
S016,2024-04-01,66608,12845.0,6000.0
S016,2024-05-01,66539,14794.0,6000.0
S016,2024-06-01,76534,11053.0,6000.0
S016,2024-07-01,59478,12568.0,6000.0
S016,2024-08-01,67669,7081.0,3000.0
S016,2024-09-01,67886,7560.0,3000.0
S016,2024-10-01,89274,10012.0,5000.0
S016,2024-11-01,79964,10326.0,5000.0
S016,2024-12-01,81629,12740.0,5000.0
S016,2025-01-01,84506,12148.0,5000.0
S016,2025-02-01,85072,11047.0,5000.0
S016,2025-03-01,85901,4086.0,2000.0
S016,2025-04-01,80869,8831.0,4000.0
S016,2025-05-01,99402,12959.0,5000.0
S016,2025-06-01,104423,5160.0,2000.0
S016,2025-07-01,84199,11286.0,6000.0
S016,2025-08-01,80616,5099.0,2000.0
S016,2025-09-01,85435,11010.0,6000.0
S016,2025-10-01,119028,6282.0,3000.0
S016,2025-11-01,104363,5943.0,3000.0
S016,2025-12-01,99322,11928.0,6000.0
S016,2026-01-01,106214,11260.0,5000.0
S016,2026-02-01,88036,6991.0,3000.0
S016,2026-03-01,105044,11372.0,5000.0
S016,2026-04-01,119327,10202.0,5000.0
S016,2026-05-01,105196,7466.0,3000.0
S016,2026-06-01,118133,10294.0,4000.0
S016,2026-07-01,105460,5594.0,3000.0
S016,2026-08-01,121233,11007.0,5000.0
S016,2026-09-01,137572,8573.0,4000.0
S016,2026-10-01,,7457.0,3000.0
S016,2026-11-01,,11859.0,5000.0
S016,2026-12-01,,9002.0,4000.0
